Turnos,Tokens,Pontuação,Qualidade (%),Resposta
0,52,5,100.0,"1. Rafael.
2. PC.
3. RPG.
4. Single-player.
5. Jogos difíceis e desafiadores."
5,369,5,100.0,"1. Rafael.
2. PC.
3. RPG.
4. Single-player.
5. Jogos difíceis e desafiadores."
10,700,5,100.0,"1. Rafael.
2. PC.
3. RPG.
4. Single-player.
5. Jogos difíceis e desafiadores."
15,930,5,100.0,"1. Rafael.
2. PC.
3. RPG.
4. Single-player.
5. Jogos difíceis e desafiadores."
20,1242,5,100.0,"1. Rafael.
2. PC.
3. RPG.
4. Single-player.
5. Jogos difíceis e desafiadores."
