pergunta_id,pergunta,game,configuracao,chunk_size,chunk_overlap,faithfulness,answer_relevancy,resposta
1,Como funciona o combate em God of War Ragnarök?,god_of_war_ragnarok,500/50,500,50,1.0,0.93672854481403,"O combate em God of War Ragnarök possui as seguintes características:

*   **Dinâmica e Estratégia:** O combate envolve a utilização de habilidades, estratégias e o estilo de jogo do jogador. É fundamental aprender a reagir a uma enorme variedade de inimigos e tirar proveito dos equipamentos e armas disponíveis.
*   **Ataques ""Morte de Cima"":** Uma novidade onde o jogador, ao saltar de uma borda ou enganchar as lâminas para atravessar um vão, pressiona R1 para cair golpeando o chão, causando dano considerável aos inimigos na área.
*   **God of War Ragnarök: Valhalla:** Neste epílogo, o combate é reimaginado com elementos novos e experimentais inspirados no gênero roguelite, encorajando o jogador a dominar diferentes aspectos do arsenal de Kratos a cada tentativa ao enfrentar novas combinações de inimigos."
1,Como funciona o combate em God of War Ragnarök?,god_of_war_ragnarok,1000/100,1000,100,1.0,0.9999999999999999,"O combate em God of War Ragnarök funciona da seguinte forma:

*   **Habilidades e Progressão:** Kratos possui diferentes árvores de habilidades para cada uma de suas armas principais, enquanto Atreus possui uma variedade para seus ataques com o arco. É necessário utilizar pontos de experiência regularmente para não ficar para trás no combate. Algumas habilidades podem ser personalizadas e aprimoradas se forem utilizadas com frequência nas batalhas.
*   **Estratégia:** O combate exige que o jogador aprenda a reagir a uma enorme variedade de inimigos, utilizando as habilidades, estratégias, estilo de jogo, armas e equipamentos disponíveis.
*   **God of War Ragnarök: Valhalla (Epílogo):** Nesta parte do jogo, o combate é reimaginado com elementos inspirados no gênero roguelite. Embora Kratos mantenha acesso a seus escudos, habilidades e armas, cada nova tentativa redefine seus Benefícios, Ataques Rúnicos e Atributos, incentivando o domínio de diferentes aspectos do arsenal a cada tentativa contra novas combinações de inimigos."
1,Como funciona o combate em God of War Ragnarök?,god_of_war_ragnarok,Parent Retriever,1000,0,0.9375,0.9999999999999999,"O combate em God of War Ragnarök funciona da seguinte forma:

*   **Habilidades e Progressão:** Kratos possui diferentes árvores de habilidades para cada uma de suas armas principais, enquanto Atreus possui uma variedade para seus ataques com o arco. É importante usar os pontos de experiência regularmente para não ficar para trás no combate. Algumas habilidades podem ser personalizadas e aprimoradas se forem utilizadas com frequência nas batalhas. Além disso, novas habilidades rúnicas permitem que Kratos utilize o Machado Leviatã de maneiras inéditas e surpreendentes.
*   **Estratégias e Técnicas:** O jogador deve misturar ataques corpo a corpo com ataques à distância, utilizar ataques elementais, usar o ambiente a seu favor e utilizar todas as armas (incluindo os punhos).
*   **Análise de Inimigos:** Como a maioria dos inimigos possui peculiaridades, técnicas especiais e habilidades exclusivas, é fundamental observar como eles se movem e lutam para determinar o momento de atacar ou recuar. Quando os inimigos surgem em grupos, é essencial decidir a ordem em que serão derrotados.
*   **Adaptação:** É recomendado experimentar diferentes armas para verificar qual é a mais eficaz e adaptar-se aos novos desafios que surgem, evitando repetir sempre as mesmas ações e técnicas."
2,Quais são os requisitos para jogar God of War Ragnarök no PC?,god_of_war_ragnarok,500/50,500,50,1.0,0.0,Não encontrei informações suficientes nos documentos para responder.
2,Quais são os requisitos para jogar God of War Ragnarök no PC?,god_of_war_ragnarok,1000/100,1000,100,1.0,0.0,Não encontrei informações suficientes nos documentos para responder.
2,Quais são os requisitos para jogar God of War Ragnarök no PC?,god_of_war_ragnarok,Parent Retriever,1000,0,1.0,0.0,Não encontrei informações suficientes nos documentos para responder.
3,Quais recursos de acessibilidade existem em Star Wars Jedi: Fallen Order?,jedi_fallen_order,500/50,500,50,1.0,0.9523599370477833,"Em Star Wars Jedi: Fallen Order, os recursos de acessibilidade incluem:

*   **Gameplay:** Opções de customização da dificuldade do jogo, segmentação de combate e inimigos, configurações de legendas e alteração do idioma do texto do jogo.
*   **Visuais:** Diversas configurações visuais, incluindo brilho, desfoque de movimento (*motion blur*) e tremor de câmera (*camera shake*)."
3,Quais recursos de acessibilidade existem em Star Wars Jedi: Fallen Order?,jedi_fallen_order,1000/100,1000,100,1.0,0.976028120206346,"Os recursos de acessibilidade de Star Wars Jedi: Fallen Order incluem:

*   **Gameplay:** Opções de personalização da dificuldade do jogo, segmentação de combate e inimigos, além de configurações de legendas e alteração do idioma do texto do jogo.
*   **Visuais:** Diversas configurações visuais, incluindo brilho, desfoque de movimento (*motion blur*) e tremor de câmera (*camera shake*)."
3,Quais recursos de acessibilidade existem em Star Wars Jedi: Fallen Order?,jedi_fallen_order,Parent Retriever,1000,0,1.0,0.976028120206346,"Os recursos de acessibilidade de Star Wars Jedi: Fallen Order incluem:

*   **Gameplay:** Opções de customização da dificuldade do jogo, segmentação de combate e inimigos, além de configurações de legendas e alteração do idioma do texto do jogo.
*   **Visuais:** Diversas configurações visuais, incluindo brilho, desfoque de movimento (*motion blur*) e tremor de câmera (*camera shake*)."
4,Quais são os requisitos de sistema de Red Dead Redemption 2 para PC?,red_dead_redemption_2,500/50,500,50,1.0,0.9392049418379944,"Os requisitos mínimos de sistema para Red Dead Redemption 2 no PC são:

*   **Sistema operacional:** Windows 7 - Service Pack 1 (6.1.7601)
*   **Processador:** Intel® Core™ i5-2500K / AMD FX-6300
*   **Memória:** 8 GB"
4,Quais são os requisitos de sistema de Red Dead Redemption 2 para PC?,red_dead_redemption_2,1000/100,1000,100,1.0,1.0000000000000002,"Os requisitos de sistema de Red Dead Redemption 2 para PC são:

**Requisitos Mínimos:**
*   **Sistema Operacional:** Windows 7 - Service Pack 1 (6.1.7601) ou Windows 10 de 64 bits.
*   **Processador:** Intel® Core™ i5-2500K / AMD FX-6300.
*   **Memória:** 8 GB.
*   **Placa de vídeo:** Nvidia GeForce GTX 770 2 GB / AMD Radeon R9 280 3 GB.
*   **Espaço em disco:** 150 GB.
*   **Placa de som:** Compatível com DirectX ou DX9.

**Requisitos Recomendados:**
*   **Sistema Operacional:** Windows 10 - Atualização de abril de 2018 (v1803) ou Windows 10 de 64 bits.
*   **Processador:** Intel® Core™ i7-4770K / AMD Ryzen 5 1500X.
*   **Memória:** 12 GB.
*   **Placa de vídeo:** Nvidia GeForce GTX 1060 6 GB / AMD Radeon RX 480 4 GB.
*   **Espaço em disco:** 150 GB.
*   **Placa de som:** Compatível com DirectX."
4,Quais são os requisitos de sistema de Red Dead Redemption 2 para PC?,red_dead_redemption_2,Parent Retriever,1000,0,1.0,1.0000000000000002,"Os requisitos de sistema de Red Dead Redemption 2 para PC são:

**Requisitos mínimos:**
*   **Sistema operacional:** Windows 7 - Service Pack 1 (6.1.7601)
*   **Processador:** Intel® Core™ i5-2500K / AMD FX-6300
*   **Memória:** 8 GB
*   **Placa de vídeo:** Nvidia GeForce GTX 770 2 GB / AMD Radeon R9 280 3 GB
*   **Espaço em disco:** 150 GB
*   **Placa de som:** Compatível com DirectX

**Requisitos recomendados:**
*   **Sistema operacional:** Windows 10 - Atualização de abril de 2018 (v1803)
*   **Processador:** Intel® Core™ i7-4770K / AMD Ryzen 5 1500X
*   **Memória:** 12 GB
*   **Placa de vídeo:** Nvidia GeForce GTX 1060 6 GB / AMD Radeon RX 480 4 GB
*   **Espaço em disco:** 150 GB
*   **Placa de som:** Compatível com DirectX"
5,O que é a expansão Burning Shores de Horizon Forbidden West?,horizon_forbidden_west,500/50,500,50,1.0,0.9373972151287084,"A expansão Burning Shores de Horizon Forbidden West leva Aloy às ruínas de Los Angeles, uma metrópole que se tornou um arquipélago inóspito habitado por máquinas letais devido à atividade vulcânica e tectônica nos últimos mil anos."
5,O que é a expansão Burning Shores de Horizon Forbidden West?,horizon_forbidden_west,1000/100,1000,100,1.0,0.9856310660253794,"A expansão Burning Shores apresenta conteúdo adicional para Horizon Forbidden West, incluindo experiências, personagens e tramas inéditas em uma nova área repleta de perigos e beleza. Ela consiste na continuação da história de Aloy, permitindo que o jogador descubra um novo enredo envolvente e novas máquinas."
5,O que é a expansão Burning Shores de Horizon Forbidden West?,horizon_forbidden_west,Parent Retriever,1000,0,1.0,0.9546115888596622,"A expansão Burning Shores de Horizon Forbidden West apresenta conteúdo adicional, incluindo tramas, personagens e experiências inéditas em uma nova área cheia de beleza e perigos, servindo como a continuação da história de Aloy. Nela, o jogador pode descobrir novas máquinas e um novo enredo envolvente, sendo levado às ruínas de Los Angeles, uma metrópole que se tornou um arquipélago inóspito habitado por máquinas letais devido à atividade vulcânica e tectônica nos últimos mil anos."
